{
  "timestamp": "2026-05-27T02:17:10.978395",
  "results": [
    {
      "system": "Snort (baseline)",
      "accuracy": 0.1375,
      "precision": 0.8667,
      "recall": 0.0619,
      "f1_score": 0.1156,
      "fpr": 0.0667,
      "fnr": 0.9381,
      "confusion_matrix": [
        [
          28,
          0,
          0,
          0,
          1,
          1,
          0,
          0
        ],
        [
          29,
          0,
          0,
          1,
          0,
          0,
          0,
          0
        ],
        [
          23,
          1,
          4,
          0,
          0,
          0,
          2,
          0
        ],
        [
          28,
          1,
          0,
          0,
          0,
          1,
          0,
          0
        ],
        [
          27,
          1,
          0,
          0,
          1,
          0,
          1,
          0
        ],
        [
          30,
          0,
          0,
          0,
          0,
          0,
          0,
          0
        ],
        [
          30,
          0,
          0,
          0,
          0,
          0,
          0,
          0
        ],
        [
          30,
          0,
          0,
          0,
          0,
          0,
          0,
          0
        ]
      ],
      "classification_report": {
        "Normal": {
          "precision": 0.12444444444444444,
          "recall": 0.9333333333333333,
          "f1-score": 0.2196078431372549,
          "support": 30.0
        },
        "DDoS SYN Flood": {
          "precision": 0.0,
          "recall": 0.0,
          "f1-score": 0.0,
          "support": 30.0
        },
        "DDoS UDP Flood": {
          "precision": 1.0,
          "recall": 0.13333333333333333,
          "f1-score": 0.23529411764705882,
          "support": 30.0
        },
        "Sniffing Pasivo": {
          "precision": 0.0,
          "recall": 0.0,
          "f1-score": 0.0,
          "support": 30.0
        },
        "DHCP Starvation": {
          "precision": 0.5,
          "recall": 0.03333333333333333,
          "f1-score": 0.0625,
          "support": 30.0
        },
        "DHCP Spoofing": {
          "precision": 0.0,
          "recall": 0.0,
          "f1-score": 0.0,
          "support": 30.0
        },
        "Port Scanning": {
          "precision": 0.0,
          "recall": 0.0,
          "f1-score": 0.0,
          "support": 30.0
        },
        "Brute Force": {
          "precision": 0.0,
          "recall": 0.0,
          "f1-score": 0.0,
          "support": 30.0
        },
        "accuracy": 0.1375,
        "macro avg": {
          "precision": 0.20305555555555554,
          "recall": 0.1375,
          "f1-score": 0.06467524509803921,
          "support": 240.0
        },
        "weighted avg": {
          "precision": 0.20305555555555557,
          "recall": 0.1375,
          "f1-score": 0.06467524509803921,
          "support": 240.0
        }
      },
      "n_samples": 240
    },
    {
      "system": "SMAR-IA",
      "accuracy": 1.0,
      "precision": 1.0,
      "recall": 1.0,
      "f1_score": 1.0,
      "fpr": 0.0,
      "fnr": 0.0,
      "confusion_matrix": [
        [
          30,
          0,
          0,
          0,
          0,
          0,
          0,
          0
        ],
        [
          0,
          30,
          0,
          0,
          0,
          0,
          0,
          0
        ],
        [
          0,
          0,
          30,
          0,
          0,
          0,
          0,
          0
        ],
        [
          0,
          0,
          0,
          30,
          0,
          0,
          0,
          0
        ],
        [
          0,
          0,
          0,
          0,
          30,
          0,
          0,
          0
        ],
        [
          0,
          0,
          0,
          0,
          0,
          30,
          0,
          0
        ],
        [
          0,
          0,
          0,
          0,
          0,
          0,
          30,
          0
        ],
        [
          0,
          0,
          0,
          0,
          0,
          0,
          0,
          30
        ]
      ],
      "classification_report": {
        "Normal": {
          "precision": 1.0,
          "recall": 1.0,
          "f1-score": 1.0,
          "support": 30.0
        },
        "DDoS SYN Flood": {
          "precision": 1.0,
          "recall": 1.0,
          "f1-score": 1.0,
          "support": 30.0
        },
        "DDoS UDP Flood": {
          "precision": 1.0,
          "recall": 1.0,
          "f1-score": 1.0,
          "support": 30.0
        },
        "Sniffing Pasivo": {
          "precision": 1.0,
          "recall": 1.0,
          "f1-score": 1.0,
          "support": 30.0
        },
        "DHCP Starvation": {
          "precision": 1.0,
          "recall": 1.0,
          "f1-score": 1.0,
          "support": 30.0
        },
        "DHCP Spoofing": {
          "precision": 1.0,
          "recall": 1.0,
          "f1-score": 1.0,
          "support": 30.0
        },
        "Port Scanning": {
          "precision": 1.0,
          "recall": 1.0,
          "f1-score": 1.0,
          "support": 30.0
        },
        "Brute Force": {
          "precision": 1.0,
          "recall": 1.0,
          "f1-score": 1.0,
          "support": 30.0
        },
        "accuracy": 1.0,
        "macro avg": {
          "precision": 1.0,
          "recall": 1.0,
          "f1-score": 1.0,
          "support": 240.0
        },
        "weighted avg": {
          "precision": 1.0,
          "recall": 1.0,
          "f1-score": 1.0,
          "support": 240.0
        }
      },
      "n_samples": 240
    }
  ],
  "hypothesis_h4": {
    "fpr_reduction_pct": 100.0,
    "target_met": "True"
  }
}